{
  "phase1": {
    "accuracy": [
      0.9364719390869141,
      0.9739081263542175,
      0.9722064733505249,
      0.9807146787643433,
      0.9750425219535828,
      0.978445827960968,
      0.9841179847717285,
      0.9818491339683533,
      0.9869540333747864,
      0.988655686378479
    ],
    "loss": [
      0.186139315366745,
      0.08119136840105057,
      0.09955722838640213,
      0.05841142684221268,
      0.07701989263296127,
      0.0767529085278511,
      0.0373089499771595,
      0.05401880666613579,
      0.0337882936000824,
      0.04170519858598709
    ],
    "val_accuracy": [
      0.9709677696228027,
      0.9806451797485352,
      0.9741935729980469,
      0.9870967864990234,
      0.9870967864990234,
      0.9838709831237793,
      0.9838709831237793,
      0.9741935729980469,
      0.9903225898742676,
      0.9935483932495117
    ],
    "val_loss": [
      0.061275530606508255,
      0.04554710537195206,
      0.05369247496128082,
      0.040862515568733215,
      0.03420070931315422,
      0.03326908126473427,
      0.03489038348197937,
      0.0639844685792923,
      0.022926075384020805,
      0.029212461784482002
    ],
    "learning_rate": [
      0.0010000000474974513,
      0.0010000000474974513,
      0.0010000000474974513,
      0.0010000000474974513,
      0.0010000000474974513,
      0.0010000000474974513,
      0.0010000000474974513,
      0.0010000000474974513,
      0.0010000000474974513,
      0.0010000000474974513
    ]
  },
  "phase2": {
    "accuracy": [
      0.9778786301612854,
      0.9869540333747864,
      0.988655686378479,
      0.9920589923858643,
      0.9943278431892395,
      0.9926261901855469,
      0.9982983469963074,
      0.9954622983932495
    ],
    "loss": [
      0.055299438536167145,
      0.03484689071774483,
      0.04277566075325012,
      0.02886005863547325,
      0.018816648051142693,
      0.024255339056253433,
      0.005143425893038511,
      0.01565985009074211
    ],
    "val_accuracy": [
      0.9903225898742676,
      0.977419376373291,
      0.9612902998924255,
      0.948387086391449,
      0.9677419066429138,
      0.9741935729980469,
      0.9806451797485352,
      0.9612902998924255
    ],
    "val_loss": [
      0.03337019309401512,
      0.07891658693552017,
      0.12853406369686127,
      0.17566075921058655,
      0.12344537675380707,
      0.09684336185455322,
      0.08095718920230865,
      0.1538548320531845
    ],
    "learning_rate": [
      9.999999747378752e-05,
      9.999999747378752e-05,
      9.999999747378752e-05,
      9.999999747378752e-05,
      9.999999747378752e-05,
      2.9999999242136255e-05,
      2.9999999242136255e-05,
      2.9999999242136255e-05
    ]
  },
  "best_val_accuracy_phase1": 0.9935483932495117,
  "best_val_accuracy_phase2": 0.9903225898742676,
  "num_classes": 2,
  "trained_at": "2026-04-10T01:25:16.816333",
  "architecture": "MobileNetV2 + Custom Head",
  "classes": [
    "Tomato___Early_blight",
    "Tomato___healthy"
  ],
  "task": "Tomato Early Blight Binary Classification"
}